item_id,is_group_menu,store,category
느티나무 셀프BBQ_1인 수저세트,0,느티나무 셀프BBQ,일회용품 / 기타
느티나무 셀프BBQ_BBQ55(단체),1,느티나무 셀프BBQ,단품고기 / 고기류
"느티나무 셀프BBQ_대여료 30,000원",0,느티나무 셀프BBQ,대여료 / 룸
"느티나무 셀프BBQ_대여료 60,000원",0,느티나무 셀프BBQ,대여료 / 룸
"느티나무 셀프BBQ_대여료 90,000원",0,느티나무 셀프BBQ,대여료 / 룸
"느티나무 셀프BBQ_본삼겹 (단품,실내)",0,느티나무 셀프BBQ,단품고기 / 고기류
느티나무 셀프BBQ_스프라이트 (단체),1,느티나무 셀프BBQ,음료
느티나무 셀프BBQ_신라면,0,느티나무 셀프BBQ,면 / 국수 / 사리
느티나무 셀프BBQ_쌈야채세트,0,느티나무 셀프BBQ,일회용품 / 기타
느티나무 셀프BBQ_쌈장,0,느티나무 셀프BBQ,일회용품 / 기타
느티나무 셀프BBQ_육개장 사발면,0,느티나무 셀프BBQ,면 / 국수 / 사리
느티나무 셀프BBQ_일회용 소주컵,0,느티나무 셀프BBQ,일회용품 / 기타
느티나무 셀프BBQ_일회용 종이컵,0,느티나무 셀프BBQ,일회용품 / 기타
느티나무 셀프BBQ_잔디그늘집 대여료 (12인석),0,느티나무 셀프BBQ,대여료 / 룸
느티나무 셀프BBQ_잔디그늘집 대여료 (6인석),0,느티나무 셀프BBQ,대여료 / 룸
느티나무 셀프BBQ_잔디그늘집 의자 추가,0,느티나무 셀프BBQ,일회용품 / 기타
느티나무 셀프BBQ_참이슬 (단체),1,느티나무 셀프BBQ,주류 / 와인 / 맥주 / 칵테일 / 하이볼
느티나무 셀프BBQ_친환경 접시 14cm,0,느티나무 셀프BBQ,일회용품 / 기타
느티나무 셀프BBQ_친환경 접시 23cm,0,느티나무 셀프BBQ,일회용품 / 기타
느티나무 셀프BBQ_카스 병(단체),1,느티나무 셀프BBQ,주류 / 와인 / 맥주 / 칵테일 / 하이볼
느티나무 셀프BBQ_콜라 (단체),1,느티나무 셀프BBQ,음료
느티나무 셀프BBQ_햇반,0,느티나무 셀프BBQ,밥 / 비빔밥 / 찌개 / 국밥 / 탕 / 국 / 해장국
느티나무 셀프BBQ_허브솔트,0,느티나무 셀프BBQ,일회용품 / 기타
담하_(단체) 공깃밥,1,담하,밥 / 비빔밥 / 찌개 / 국밥 / 탕 / 국 / 해장국
담하_(단체) 생목살 김치전골 2.0,1,담하,밥 / 비빔밥 / 찌개 / 국밥 / 탕 / 국 / 해장국
담하_(단체) 은이버섯 갈비탕,1,담하,밥 / 비빔밥 / 찌개 / 국밥 / 탕 / 국 / 해장국
담하_(단체) 한우 우거지 국밥,1,담하,밥 / 비빔밥 / 찌개 / 국밥 / 탕 / 국 / 해장국
담하_(단체) 황태해장국 3/27까지,1,담하,밥 / 비빔밥 / 찌개 / 국밥 / 탕 / 국 / 해장국
담하_(정식) 된장찌개,0,담하,밥 / 비빔밥 / 찌개 / 국밥 / 탕 / 국 / 해장국
담하_(정식) 물냉면 ,0,담하,면 / 국수 / 사리
담하_(정식) 비빔냉면,0,담하,면 / 국수 / 사리
담하_(후식) 된장찌개,0,담하,밥 / 비빔밥 / 찌개 / 국밥 / 탕 / 국 / 해장국
담하_(후식) 물냉면,0,담하,면 / 국수 / 사리
담하_(후식) 비빔냉면,0,담하,면 / 국수 / 사리
담하_갑오징어 비빔밥,0,담하,밥 / 비빔밥 / 찌개 / 국밥 / 탕 / 국 / 해장국
담하_갱시기,0,담하,밥 / 비빔밥 / 찌개 / 국밥 / 탕 / 국 / 해장국
담하_공깃밥,0,담하,밥 / 비빔밥 / 찌개 / 국밥 / 탕 / 국 / 해장국
담하_꼬막 비빔밥,0,담하,밥 / 비빔밥 / 찌개 / 국밥 / 탕 / 국 / 해장국
담하_느린마을 막걸리,0,담하,주류 / 와인 / 맥주 / 칵테일 / 하이볼
담하_담하 한우 불고기,0,담하,단품고기 / 고기류
담하_담하 한우 불고기 정식,0,담하,단품고기 / 고기류
담하_더덕 한우 지짐,0,담하,단품고기 / 고기류
담하_들깨 양지탕,0,담하,밥 / 비빔밥 / 찌개 / 국밥 / 탕 / 국 / 해장국
담하_라면사리,0,담하,면 / 국수 / 사리
담하_룸 이용료,0,담하,대여료 / 룸
담하_메밀면 사리,0,담하,면 / 국수 / 사리
담하_명인안동소주,0,담하,주류 / 와인 / 맥주 / 칵테일 / 하이볼
담하_명태회 비빔냉면,0,담하,면 / 국수 / 사리
담하_문막 복분자 칵테일,0,담하,주류 / 와인 / 맥주 / 칵테일 / 하이볼
담하_봉평메밀 물냉면,0,담하,면 / 국수 / 사리
담하_생목살 김치찌개,0,담하,밥 / 비빔밥 / 찌개 / 국밥 / 탕 / 국 / 해장국
담하_스프라이트,0,담하,음료
담하_은이버섯 갈비탕,0,담하,밥 / 비빔밥 / 찌개 / 국밥 / 탕 / 국 / 해장국
담하_제로콜라,0,담하,음료
담하_참이슬,0,담하,주류 / 와인 / 맥주 / 칵테일 / 하이볼
담하_처음처럼,0,담하,주류 / 와인 / 맥주 / 칵테일 / 하이볼
담하_카스,0,담하,주류 / 와인 / 맥주 / 칵테일 / 하이볼
담하_콜라,0,담하,음료
담하_테라,0,담하,주류 / 와인 / 맥주 / 칵테일 / 하이볼
담하_하동 매실 칵테일,0,담하,주류 / 와인 / 맥주 / 칵테일 / 하이볼
담하_한우 떡갈비 정식,0,담하,단품고기 / 고기류
담하_한우 미역국 정식,0,담하,단품고기 / 고기류
담하_한우 우거지 국밥,0,담하,밥 / 비빔밥 / 찌개 / 국밥 / 탕 / 국 / 해장국
담하_한우 차돌박이 된장찌개,0,담하,밥 / 비빔밥 / 찌개 / 국밥 / 탕 / 국 / 해장국
담하_황태해장국,0,담하,밥 / 비빔밥 / 찌개 / 국밥 / 탕 / 국 / 해장국
라그로타_AUS (200g),0,라그로타,단품고기 / 고기류
라그로타_G-Charge(3),0,라그로타,일회용품 / 기타
라그로타_Gls.Sileni,0,라그로타,주류 / 와인 / 맥주 / 칵테일 / 하이볼
라그로타_Gls.미션 서드,0,라그로타,주류 / 와인 / 맥주 / 칵테일 / 하이볼
라그로타_Open Food,0,라그로타,샐러드 / 파스타 / 리조또 / 피자 / 빵 / 프라이 등 기타 식사류
라그로타_그릴드 비프 샐러드,0,라그로타,샐러드 / 파스타 / 리조또 / 피자 / 빵 / 프라이 등 기타 식사류
라그로타_까르보나라,0,라그로타,샐러드 / 파스타 / 리조또 / 피자 / 빵 / 프라이 등 기타 식사류
라그로타_모둠 해산물 플래터,0,라그로타,단품고기 / 고기류
라그로타_미션 서드 카베르네 쉬라,0,라그로타,주류 / 와인 / 맥주 / 칵테일 / 하이볼
라그로타_버섯 크림 리조또,0,라그로타,샐러드 / 파스타 / 리조또 / 피자 / 빵 / 프라이 등 기타 식사류
라그로타_빵 추가 (1인),0,라그로타,샐러드 / 파스타 / 리조또 / 피자 / 빵 / 프라이 등 기타 식사류
라그로타_스프라이트,0,라그로타,음료
라그로타_시저 샐러드 ,0,라그로타,샐러드 / 파스타 / 리조또 / 피자 / 빵 / 프라이 등 기타 식사류
라그로타_아메리카노,0,라그로타,음료
라그로타_알리오 에 올리오 ,0,라그로타,샐러드 / 파스타 / 리조또 / 피자 / 빵 / 프라이 등 기타 식사류
라그로타_양갈비 (4ps),0,라그로타,단품고기 / 고기류
라그로타_자몽리치에이드,0,라그로타,음료
라그로타_제로콜라,0,라그로타,음료
라그로타_카스,0,라그로타,주류 / 와인 / 맥주 / 칵테일 / 하이볼
라그로타_콜라,0,라그로타,음료
라그로타_하이네켄(생),0,라그로타,주류 / 와인 / 맥주 / 칵테일 / 하이볼
라그로타_한우 (200g),0,라그로타,단품고기 / 고기류
라그로타_해산물 토마토 리조또,0,라그로타,샐러드 / 파스타 / 리조또 / 피자 / 빵 / 프라이 등 기타 식사류
라그로타_해산물 토마토 스튜 파스타,0,라그로타,샐러드 / 파스타 / 리조또 / 피자 / 빵 / 프라이 등 기타 식사류
라그로타_해산물 토마토 스파게티,0,라그로타,샐러드 / 파스타 / 리조또 / 피자 / 빵 / 프라이 등 기타 식사류
"미라시아_(단체)브런치주중 36,000",1,미라시아,샐러드 / 파스타 / 리조또 / 피자 / 빵 / 프라이 등 기타 식사류
미라시아_(오븐) 하와이안 쉬림프 피자,0,미라시아,샐러드 / 파스타 / 리조또 / 피자 / 빵 / 프라이 등 기타 식사류
미라시아_(화덕) 불고기 페퍼로니 반반피자,0,미라시아,샐러드 / 파스타 / 리조또 / 피자 / 빵 / 프라이 등 기타 식사류
미라시아_BBQ Platter,0,미라시아,단품고기 / 고기류
미라시아_BBQ 고기추가,0,미라시아,단품고기 / 고기류
미라시아_공깃밥,0,미라시아,밥 / 비빔밥 / 찌개 / 국밥 / 탕 / 국 / 해장국
미라시아_글라스와인 (레드),0,미라시아,주류 / 와인 / 맥주 / 칵테일 / 하이볼
미라시아_레인보우칵테일(알코올),0,미라시아,주류 / 와인 / 맥주 / 칵테일 / 하이볼
미라시아_미라시아 브런치 (패키지),0,미라시아,샐러드 / 파스타 / 리조또 / 피자 / 빵 / 프라이 등 기타 식사류
미라시아_버드와이저(무제한),0,미라시아,주류 / 와인 / 맥주 / 칵테일 / 하이볼
미라시아_보일링 랍스타 플래터,0,미라시아,단품고기 / 고기류
미라시아_보일링 랍스타 플래터(덜매운맛),0,미라시아,단품고기 / 고기류
미라시아_브런치 2인 패키지 ,0,미라시아,샐러드 / 파스타 / 리조또 / 피자 / 빵 / 프라이 등 기타 식사류
미라시아_브런치 4인 패키지 ,0,미라시아,샐러드 / 파스타 / 리조또 / 피자 / 빵 / 프라이 등 기타 식사류
미라시아_브런치(대인) 주말,0,미라시아,샐러드 / 파스타 / 리조또 / 피자 / 빵 / 프라이 등 기타 식사류
미라시아_브런치(대인) 주중,0,미라시아,샐러드 / 파스타 / 리조또 / 피자 / 빵 / 프라이 등 기타 식사류
미라시아_브런치(어린이),0,미라시아,샐러드 / 파스타 / 리조또 / 피자 / 빵 / 프라이 등 기타 식사류
미라시아_쉬림프 투움바 파스타,0,미라시아,샐러드 / 파스타 / 리조또 / 피자 / 빵 / 프라이 등 기타 식사류
미라시아_스텔라(무제한),0,미라시아,주류 / 와인 / 맥주 / 칵테일 / 하이볼
미라시아_스프라이트,0,미라시아,음료
미라시아_애플망고 에이드,0,미라시아,음료
미라시아_얼그레이 하이볼,0,미라시아,주류 / 와인 / 맥주 / 칵테일 / 하이볼
미라시아_오븐구이 윙과 킬바사소세지,0,미라시아,샐러드 / 파스타 / 리조또 / 피자 / 빵 / 프라이 등 기타 식사류
미라시아_유자 하이볼,0,미라시아,주류 / 와인 / 맥주 / 칵테일 / 하이볼
미라시아_잭 애플 토닉,0,미라시아,주류 / 와인 / 맥주 / 칵테일 / 하이볼
미라시아_칠리 치즈 프라이,0,미라시아,샐러드 / 파스타 / 리조또 / 피자 / 빵 / 프라이 등 기타 식사류
미라시아_코카콜라,0,미라시아,음료
미라시아_코카콜라(제로),0,미라시아,음료
미라시아_콥 샐러드,0,미라시아,샐러드 / 파스타 / 리조또 / 피자 / 빵 / 프라이 등 기타 식사류
미라시아_파스타면 추가(150g),0,미라시아,면 / 국수 / 사리
미라시아_핑크레몬에이드,0,미라시아,음료
연회장_Cass Beer,0,연회장,주류 / 와인 / 맥주 / 칵테일 / 하이볼
연회장_Conference L1,0,연회장,대여료 / 룸
연회장_Conference L2,0,연회장,대여료 / 룸
연회장_Conference L3,0,연회장,대여료 / 룸
연회장_Conference M1,0,연회장,대여료 / 룸
연회장_Conference M8,0,연회장,대여료 / 룸
연회장_Conference M9,0,연회장,대여료 / 룸
연회장_Convention Hall,0,연회장,대여료 / 룸
연회장_Cookie Platter,0,연회장,디저트 / 후식 / 간식
연회장_Grand Ballroom,0,연회장,대여료 / 룸
연회장_OPUS 2,0,연회장,대여료 / 룸
연회장_Regular Coffee,0,연회장,음료
연회장_골뱅이무침,0,연회장,샐러드 / 파스타 / 리조또 / 피자 / 빵 / 프라이 등 기타 식사류
연회장_공깃밥,0,연회장,밥 / 비빔밥 / 찌개 / 국밥 / 탕 / 국 / 해장국
연회장_돈목살 김치찌개 (밥포함),0,연회장,밥 / 비빔밥 / 찌개 / 국밥 / 탕 / 국 / 해장국
연회장_로제 치즈떡볶이,0,연회장,샐러드 / 파스타 / 리조또 / 피자 / 빵 / 프라이 등 기타 식사류
연회장_마라샹궈,0,연회장,샐러드 / 파스타 / 리조또 / 피자 / 빵 / 프라이 등 기타 식사류
연회장_매콤 무뼈닭발&계란찜,0,연회장,샐러드 / 파스타 / 리조또 / 피자 / 빵 / 프라이 등 기타 식사류
연회장_모둠 돈육구이(3인),0,연회장,단품고기 / 고기류
연회장_삼겹살추가 (200g),0,연회장,단품고기 / 고기류
연회장_야채추가,0,연회장,일회용품 / 기타
연회장_왕갈비치킨,0,연회장,샐러드 / 파스타 / 리조또 / 피자 / 빵 / 프라이 등 기타 식사류
연회장_주먹밥 (2ea),0,연회장,밥 / 비빔밥 / 찌개 / 국밥 / 탕 / 국 / 해장국
카페테리아_공깃밥(추가),0,카페테리아,밥 / 비빔밥 / 찌개 / 국밥 / 탕 / 국 / 해장국
카페테리아_구슬아이스크림,0,카페테리아,디저트 / 후식 / 간식
카페테리아_단체식 13000(신),1,카페테리아,샐러드 / 파스타 / 리조또 / 피자 / 빵 / 프라이 등 기타 식사류
카페테리아_단체식 18000(신),1,카페테리아,샐러드 / 파스타 / 리조또 / 피자 / 빵 / 프라이 등 기타 식사류
카페테리아_돼지고기 김치찌개,0,카페테리아,밥 / 비빔밥 / 찌개 / 국밥 / 탕 / 국 / 해장국
카페테리아_복숭아 아이스티,0,카페테리아,음료
카페테리아_새우 볶음밥,0,카페테리아,밥 / 비빔밥 / 찌개 / 국밥 / 탈 / 국 / 해장국
카페테리아_새우튀김 우동,0,카페테리아,면 / 국수 / 사리
카페테리아_샷 추가,0,카페테리아,일회용품 / 기타
카페테리아_수제 등심 돈까스,0,카페테리아,샐러드 / 파스타 / 리조또 / 피자 / 빵 / 프라이 등 기타 식사류
카페테리아_아메리카노(HOT),0,카페테리아,음료
카페테리아_아메리카노(ICE),0,카페테리아,음료
카페테리아_약 고추장 돌솥비빔밥,0,카페테리아,밥 / 비빔밥 / 찌개 / 국밥 / 탕 / 국 / 해장국
카페테리아_어린이 돈까스,0,카페테리아,샐러드 / 파스타 / 리조또 / 피자 / 빵 / 프라이 등 기타 식사류
카페테리아_오픈푸드,0,카페테리아,일회용품 / 기타
카페테리아_진사골 설렁탕,0,카페테리아,밥 / 비빔밥 / 찌개 / 국밥 / 탕 / 국 / 해장국
카페테리아_짜장면,0,카페테리아,면 / 국수 / 사리
카페테리아_짜장밥,0,카페테리아,밥 / 비빔밥 / 찌개 / 국밥 / 탕 / 국 / 해장국
카페테리아_짬뽕,0,카페테리아,면 / 국수 / 사리
카페테리아_짬뽕밥,0,카페테리아,밥 / 비빔밥 / 찌개 / 국밥 / 탕 / 국 / 해장국
카페테리아_치즈돈까스,0,카페테리아,샐러드 / 파스타 / 리조또 / 피자 / 빵 / 프라이 등 기타 식사류
카페테리아_카페라떼(HOT),0,카페테리아,음료
카페테리아_카페라떼(ICE),0,카페테리아,음료
카페테리아_한상 삼겹구이 정식(2인) 소요시간 약 15~20분,0,카페테리아,단품고기 / 고기류
포레스트릿_꼬치어묵,0,포레스트릿,샐러드 / 파스타 / 리조또 / 피자 / 빵 / 프라이 등 기타 식사류
포레스트릿_떡볶이,0,포레스트릿,샐러드 / 파스타 / 리조또 / 피자 / 빵 / 프라이 등 기타 식사류
포레스트릿_복숭아 아이스티,0,포레스트릿,음료
포레스트릿_생수,0,포레스트릿,음료
포레스트릿_스프라이트,0,포레스트릿,음료
포레스트릿_아메리카노(HOT),0,포레스트릿,음료
포레스트릿_아메리카노(ICE),0,포레스트릿,음료
포레스트릿_치즈 핫도그,0,포레스트릿,샐러드 / 파스타 / 리조또 / 피자 / 빵 / 프라이 등 기타 식사류
포레스트릿_카페라떼(HOT),0,포레스트릿,음료
포레스트릿_카페라떼(ICE),0,포레스트릿,음료
포레스트릿_코카콜라,0,포레스트릿,음료
포레스트릿_페스츄리 소시지,0,포레스트릿,샐러드 / 파스타 / 리조또 / 피자 / 빵 / 프라이 등 기타 식사류
화담숲주막_느린마을 막걸리,0,화담숲주막,주류 / 와인 / 맥주 / 칵테일 / 하이볼
화담숲주막_단호박 식혜 ,0,화담숲주막,음료
화담숲주막_병천순대,0,화담숲주막,샐러드 / 파스타 / 리조또 / 피자 / 빵 / 프라이 등 기타 식사류
화담숲주막_스프라이트,0,화담숲주막,음료
화담숲주막_참살이 막걸리,0,화담숲주막,주류 / 와인 / 맥주 / 칵테일 / 하이볼
화담숲주막_찹쌀식혜,0,화담숲주막,음료
화담숲주막_콜라,0,화담숲주막,음료
화담숲주막_해물파전,0,화담숲주막,샐러드 / 파스타 / 리조또 / 피자 / 빵 / 프라이 등 기타 식사류
화담숲카페_메밀미숫가루,0,화담숲카페,음료
화담숲카페_아메리카노 HOT,0,화담숲카페,음료
화담숲카페_아메리카노 ICE,0,화담숲카페,음료
화담숲카페_카페라떼 ICE,0,화담숲카페,음료
화담숲카페_현미뻥스크림,0,화담숲카페,디저트 / 후식 / 간식
